Joseph, Miller, miller12, JKh323h!, student, INS349 HPE335 BIO440 ECO350 THR325 ART243 ART333 ESL510 RLN370 ART250 MBA599 THP135 BUS398 THR237 MIS295 ART382 SOC111 PSY252 BUS396 SWK500 ART368 HON380 EDC553 ENL371 EED360 ESE298 ESE525 ART386 WST305 MAT137 SOC375 NUR852, EDC594 CHM362 ART347 PHI230
Maxwell, Herron , herronm, KLjkjdsf98, student, NUR998 ENL321 EDU499 MKT299 ART387 MUS565 NUR541 POL160 SPA397 HIS102 AIS498 HPE324 SPA399, MAT273 SPE505 FIN460 HIS311
Johnette, Southwell, southwellj, klhdjkhsf87J, admin
Larissa, Lofland, lofland77, KJhsd87hgd, student, MUP392 HPE215 FRE353 ENL227 ENL320 POL350 CSC397 MKT495 SWK667 INS369 ESL510 WST305 HPE490 MUS335 ENL541 GST219 POL160 MUP331 NMS230 AIS305 WST324 ENL541 ART315 MUS213 MUS503 POL342 PSY493 THR285 SWK671 HON220 ART247, RLN302 EDC200 PSY325 INS399 EDC593
Daria, Frappier, frappierdar, J873ghhgHH, student, FLM399 PSY261 INS299 BUS340 EDC331 SPA332 POL381 AIS332 SPE411 MIS479 SPA299 CCS397 THR355 AIS105 SPA354, GST295 MUS221 ENL553 EDC599
Chanda, Witter, witterchan, 22JKh87dsdhjhkj, student, ENL565 HIS499 ENL549 ENV492 PHI315 THR273 MUS436 POL499 ACC425 FIN331 MUS363 NUR841 HPE473 MUS459 MUS114 SPA211 HPE340, ENL321 POL483 INS349 WST315
Ferne, Encarnacion, encarfer, qjcbhjd8723hgHHG, student, BIO102 ART221 FLM390 PHY397 HPE399 ART226 HPE199 PHY399 INS396 ART122 RLN409 POL421 DAK111 INS352 EED203 SWK295 HPE397 GER299, MUE111 NUR822 ESE500 NMS397 NUR505
Heidy, Tingey, tingehe, BIGWjjkdfh8788, student, ESE310 THR490 POL484 EDC522 MUS299 ENL371 BIO499 ENV499 LST399 INS328 ECO490 SOC381 ACC423 MAT246 SPA495 SOC295 HPE390 SPA411 PHY121 RLN480 INS351 PSY325 BIO485, MUS252 NMS242 EDC522 HPE334
Alfreda, Ostler, ostlera1, sdjhKJhusbe63, admin
Wendy, Saidi, saidiwen, TTmsdhjkJ8733, student, MAT499 POL421 EDC211 ENL565 RLN408 THP134 SPA357 SPE434 AIS396 ART250, HIS299 FLM229 MUS376 MUS459 ENV399
Lisha, Hunsinger, hunsingerlish, JKhdf788djkh, student, EDC594 HPE397 NUR598 MUP316 ECO499 ART385 HIS311 HIS348 SPE425 COM115 ENL226 EDC593 ART299 NUR824 MKT450, PSY235 ENL354 ART399
Evalyn, Hahn, hahne, JKhdfhkdsfui787832, student, THR265 COM355 MAT146 CSC199 PSY252 NUR742 GER399 ACC222 PHY395 POL495 MUS331 MUS152 BIO150 SPA499 ESE370 ART315 ENL226 HIS397 SWK651 MUS295, NUR841 SWK657 MUE111 MUS341
Gricelda, Bendel, bendelg, pkdfjkhKJKj83klj, student, ESL490 EDC200 ESE360 POL122 ENL555 CSC199 FLM312 HPE473 ENL351 HPE115 ART398, GER351 HPE399 NUR803
Marcene, Ferrara, ferrara, Kdjfhsdfjh87, student, MUS334 BIO152 SOC277 MUP116, EDC200 BUS242 RLN214
Terica, Fujiwara, fuji42, hkjsdaf87JJ, student, COM415 WEL112 INS372 ART478 SPP202 PHY399 MUP392 MBA520 EED495 PSY105 ECO318 GER332 THR229 HIS199 HIS162 CHM362 FLM396 AIS499 SPE499 HON221 HIS121 SWK999 ART390 COM101 MUS333 COM295 RLN100 EDC410 BIO199 MUP181 RLN201 ENL354, PSY253 HIS343 SCI301
Porsha, Mummert, mummertpo, jksdfjkKJHDFS87, student, ART127 URB299 THR326 SWK280 EED312 ESE325 PHY122 PHY119 SWK210 POL495 POL484 SWK670 MUS372 THP136 ENL548 HIS243 HIS199 PSY235 HPE396 MKT350, MBA592 CHM464 FRE351 SCI106 FLM260
Jayson, Gearing, gearinjay, ZXsduifhj77, student, EDC998 CSC396 HIS497 MUS552 MUS162 PHY261 SWK307 PSY354 ESE310 MUS299 POL391 ENL325 MAT201, FRE331 FLM295 ACC425 ACC425 EED203
Young, Vicini, viciniy, zetjKJhsd7823JJ, student, COM295 ENL338 ART118 FRE211 EDC498 HON220 ENL255 HPE350 MAT304 ENV490 RLN221 ART103 PSY299 PSY357 INS369 MAT273 MUS335 MAT245 HPE499 SPA499 HIS480 PHI490 MUS372 HPE336 ENL536 HPE473, ECO199 EDC399 PHI370 PHY363
Lorine, Arrowood, arrlor, Kgdosfdei89787, student, MAT374 NUR851 ENV100 LST499 FLM490 NUR851 MUS295 ENL554, HIS331 ART103 HIS378 INS198 MBA570
Kirby, Kierstead, kiersteadk, BtyHJGh717hhjds, student, NUR820 COM280 THR325 BUS295 WST362 NUR832 AIS499 HIS155 ART368 MUP136 SWK299 MUS290 MKT352 SWK698 ENL251 MUS130 ESE199 AUGEX1 MUE112 FRE199 LST399 RLN401 HPE495, MBA520 ENL395 COM345 ENL240
Nadia, Northington, northna, yukgsdfg7sdf67HJHJ, admin
Toney, Montilla, montillat, QfhjdsbfjkGJhj84, student, RLN257 WEL114 NUR850 BIO474 MUP122 SPA331 SPA335 MUP391 HPE499 ENL532 SOC390 ESE370 FLM230 EED295 MUS475 MUS340 HIS122, MUS242 ESE350 NUR732 PSY203
Una, Batterton, battertonu, KJgjkdsdf789HJgdjksf, admin
Sherron, Slaybaugh, slaybaughsher, oodhjjKHJhJKHdsf874, student, MUS336 WST199 HPE324 BIO475 AUGEX3 EDU499 MIS270 URB399 EDC331 WEL113 BIO471 MUS231 SCI301 HIS103 RLN370 FRE212 RLN409 SWK396 ART347 SPA337 POL354 BUS398 HPE280, SWK629 ART244 EDC110 EDC570
Dwana, Halley, halleyd, JKdjkfisd877, student, THP122 MUS158 PHI315 HPE365 HIS497 NUR803 RLN100 MAT314 ART380 INS353 NMS490 PSY493 HPE110 ENL250 MUP391 BUS465 ART249 NUR822 MUS376 THR280 THR273 PSY291 ART332 SCI280 BUS254 ENL336 MUE125 COM415 PHI315 MAT252 NUR817, EDU491 PHY320 COM351
Malka, Jaco, jacom, JKjdkf87683, student, PSY360 GER199 FRE351 AUGEX3 PSY400 SOC300 ART499 PHI230 HPE275 CSC352 WST481 SWK499 NMS295 PSY253 ESL340 AIS405 SWK670, CSC320 SWK303 NUR505 AIS408 EDC397
Melani, Victor, victorm, GQesjdfhkjh873, student, MUP392 ENL280 RLN302 ENL396 WST341 COM351 THP134 HPE350 BUS398 BUS299 BUS340 ENL536 CSC397 NUR499 ENL380 INS377 WST281 NMS320 MBA565 MAT146 PHI230 NUR704 CSC457 ART249 COM396 INS233 PHI241 WEL213 MUP132, ENL228 NUR314 BIO199 ART355
Leana, Burrier, burrierle, VQUIOHj7, student, INS499 ECO490 PHY298 HIS497 MUP116 CHM370 INS499 HIS343 PSY215 MUS599 MUS356 AUGEX3 ENL498 FLM230 ART405 EDC544 POL341 POL158 ENL280 SWK230 BIO481 SPA336 ENL354 SPE504 THR222 ENL380 CSC250 COM329 ACC425 BIO199 RLN243, POL495 POL342 MBA530
Joann, Frenz, frenzj, YIUQbsfj883jhjhdjfk, student, MKT350 GER311 COM490 RLN216 GER199 INS495 EED498 MUS333 MUS595 INS355 AIS305 BIO486 POL326 THR350 HIS103 ENL223 PSY499 MUP333, THP113 ENV490 MAT395 MUS340
Margo, Christiansen, christiansenm, FGusidfsjkh1QQ, student, SPE490 THR398 ENL399 ESL599 HIS101 EED598 MUP341 ART106 ESL320 CSC272 THR226, ART102 MUP331 EED336 EDC410 FRE411
Lonny, Appleby, applebyl, Vumtributrer88, student, SWK407 BUS465 RLN405 ENL327 BUS398 INS499 ART382 POL295 ENL554 AIS332 CHM399 EED499 PHY261 ART397 MUP161 SPA397 NUR799 CSC495 FAR111 ESE489 HPE320 SWK210 PSY400, WST324 POL498 SCI110 NUR701
Kari, Silverman, silvermank, UjkdhfhsUU91, student, INS317 SPE490 ENV490 EED524 SPE511 ART202 MUS162 MUS560 ENL565 POL370 EDC553 NUR495 MUP143 SWK317 EDC331 MKT357 ENL534 ENL337 ENL111 CSC272 ACC326 ESE360, ART315 ENL556 NUR721 ENL217
